,Z-score,MAD,IsolationForest
Z-score,1.0,0.096875,0.10631229235880399
MAD,0.096875,1.0,0.044585987261146494
IsolationForest,0.10631229235880399,0.044585987261146494,1.0
