,Z-score,MAD,IsolationForest
Z-score,1.0,0.27291666666666664,0.03036876355748373
MAD,0.27291666666666664,1.0,0.029197080291970802
IsolationForest,0.03036876355748373,0.029197080291970802,1.0
