,Z-score,MAD,IsolationForest
Z-score,1.0,0.2597701149425287,0.054404145077720206
MAD,0.2597701149425287,1.0,0.05128205128205128
IsolationForest,0.054404145077720206,0.05128205128205128,1.0
